Stock,Company Name,Ticker,Market Cap
APPLE INC. (XNAS:AAPL),APPLE INC.,AAPL, $2,366,739,352,500 
MICROSOFT CORPORATION (XNAS:MSFT),MICROSOFT CORPORATION,MSFT, $1,805,704,811,040 
ALPHABET INC. (XNAS:GOOG),ALPHABET INC.,GOOG, $1,307,460,000,000 
ALPHABET INC. (XNAS:GOOGL),ALPHABET INC.,GOOGL, $1,307,460,000,000 
AMAZON.COM, INC. (XNAS:AMZN),AMAZON.COM, INC.,AMZN, $1,174,116,000,000 
TESLA, INC. (XNAS:TSLA),TESLA, INC.,TSLA, $671,941,306,800 
BERKSHIRE HATHAWAY INC., (XNYS:BRK.B),BERKSHIRE HATHAWAY INC.,,BRK.B, $604,235,700,000 
UNITEDHEALTH GROUP INCORPORATED (XNYS:UNH),UNITEDHEALTH GROUP INCORPORATED,UNH, $499,241,808,471 
JOHNSON & JOHNSON (XNYS:JNJ),JOHNSON & JOHNSON,JNJ, $443,568,957,800 
Meta Platforms, Inc. (XNAS:META),Meta Platforms, Inc.,META, $349,408,245,490 
EXXON MOBIL CORPORATION (XNYS:XOM),EXXON MOBIL CORPORATION,XOM, $441,185,946,960 
WALMART INC. (XNYS:WMT),WALMART INC.,WMT, $371,307,758,400 
ELI LILLY AND COMPANY (XNYS:LLY),ELI LILLY AND COMPANY,LLY, $323,791,066,596 
JPMORGAN CHASE & CO. (XNYS:JPM),JPMORGAN CHASE & CO.,JPM, $358,995,743,730 
NVIDIA CORPORATION (XNAS:NVDA),NVIDIA CORPORATION,NVDA, $310,403,400,000 
THE PROCTER & GAMBLE COMPANY (XNYS:PG),THE PROCTER & GAMBLE COMPANY,PG, $304,696,026,000 
VISA INC. (XNYS:V),VISA INC.,V, $393,843,357,470 
THE HOME DEPOT, INC. (XNYS:HD),THE HOME DEPOT, INC.,HD, $282,067,224,780 
CHEVRON CORPORATION (XNYS:CVX),CHEVRON CORPORATION,CVX, $339,008,167,650 
MASTERCARD INCORPORATED. (XNYS:MA),MASTERCARD INCORPORATED.,MA, $292,203,141,357 
PFIZER INC. (XNYS:PFE),PFIZER INC.,PFE, $252,275,222,400 
BANK OF AMERICA CORPORATION (XNYS:BAC),BANK OF AMERICA CORPORATION,BAC, $280,454,527,500 
THE COCA-COLA COMPANY (XNYS:KO),THE COCA-COLA COMPANY,KO, $242,006,238,840 
ABBVIE INC. (XNYS:ABBV),ABBVIE INC.,ABBV, $252,714,000,000 
PEPSICO, INC. (XNAS:PEP),PEPSICO, INC.,PEP, $238,426,319,540 
MERCK & CO., INC. (XNYS:MRK),MERCK & CO., INC.,MRK, $242,358,897,600 
COSTCO WHOLESALE CORPORATION (XNAS:COST),COSTCO WHOLESALE CORPORATION,COST, $211,644,476,356 
THERMO FISHER SCIENTIFIC INC. (XNYS:TMO),THERMO FISHER SCIENTIFIC INC.,TMO, $194,617,267,860 
DANAHER CORPORATION (XNYS:DHR),DANAHER CORPORATION,DHR, $177,925,870,386 
Broadcom Inc. (XNAS:AVGO),Broadcom Inc.,AVGO, $190,899,186,723 
THE WALT DISNEY COMPANY (XNYS:DIS),THE WALT DISNEY COMPANY,DIS, $186,024,838,320 
ACCENTURE PUBLIC LIMITED COMPANY (XNYS:ACN),ACCENTURE PUBLIC LIMITED COMPANY,ACN, $179,205,580,267 
MCDONALD'S CORPORATION (XNYS:MCD),MCDONALD'S CORPORATION,MCD, $187,276,838,715 
ABBOTT LABORATORIES (XNYS:ABT),ABBOTT LABORATORIES,ABT, $166,470,973,200 
T-MOBILE US, INC. (XNAS:TMUS),T-MOBILE US, INC.,TMUS, $171,126,434,860 
ORACLE CORPORATION (XNYS:ORCL),ORACLE CORPORATION,ORCL, $196,011,268,200 
CISCO SYSTEMS, INC. (XNAS:CSCO),CISCO SYSTEMS, INC.,CSCO, $175,735,473,200 
VERIZON COMMUNICATIONS INC. (XNYS:VZ),VERIZON COMMUNICATIONS INC.,VZ, $155,389,400,000 
NEXTERA ENERGY, INC. (XNYS:NEE),NEXTERA ENERGY, INC.,NEE, $140,776,415,350 
WELLS FARGO & COMPANY (XNYS:WFC),WELLS FARGO & COMPANY,WFC, $170,042,431,500 
BRISTOL-MYERS SQUIBB COMPANY (XNYS:BMY),BRISTOL-MYERS SQUIBB COMPANY,BMY, $154,186,763,550 
SALESFORCE, INC. (XNYS:CRM),SALESFORCE, INC.,CRM, $160,170,000,000 
TEXAS INSTRUMENTS INCORPORATED (XNAS:TXN),TEXAS INSTRUMENTS INCORPORATED,TXN, $145,937,329,956 
MORGAN STANLEY (XNYS:MS),MORGAN STANLEY,MS, $136,006,955,720 
LINDE PUBLIC LIMITED COMPANY (XNYS:LIN),LINDE PUBLIC LIMITED COMPANY,LIN, $143,688,769,792 
CONOCOPHILLIPS (XNYS:COP),CONOCOPHILLIPS,COP, $158,479,878,170 
THE CHARLES SCHWAB CORPORATION (XNYS:SCHW),THE CHARLES SCHWAB CORPORATION,SCHW, $133,403,228,159 
COMCAST CORPORATION (XNAS:CMCSA),COMCAST CORPORATION,CMCSA, $134,515,494,240 
Philip Morris International Inc. (XNYS:PM),Philip Morris International Inc.,PM, $134,104,601,130 
ADOBE INC. (XNAS:ADBE),ADOBE INC.,ADBE, $142,431,413,000 
QUALCOMM INCORPORATED (XNAS:QCOM),QUALCOMM INCORPORATED,QCOM, $129,976,020,000 
CVS HEALTH CORPORATION (XNYS:CVS),CVS HEALTH CORPORATION,CVS, $121,725,504,880 
UNION PACIFIC CORPORATION (XNYS:UNP),UNION PACIFIC CORPORATION,UNP, $118,981,907,658 
AMGEN INC. (XNAS:AMGN),AMGEN INC.,AMGN, $134,770,465,752 
RAYTHEON TECHNOLOGIES CORPORATION (XNYS:RTX),RAYTHEON TECHNOLOGIES CORPORATION,RTX, $130,730,549,560 
UNITED PARCEL SERVICE, INC. (XNYS:UPS),UNITED PARCEL SERVICE, INC.,UPS, $143,807,987,400 
LOWE'S COMPANIES, INC. (XNYS:LOW),LOWE'S COMPANIES, INC.,LOW, $113,197,168,422 
HONEYWELL INTERNATIONAL INC. (XNAS:HON),HONEYWELL INTERNATIONAL INC.,HON, $123,157,689,363 
AT&T INC. (XNYS:T),AT&T INC.,T, $121,854,600,000 
INTUIT INC. (XNAS:INTU),INTUIT INC.,INTU, $117,590,484,882 
ELEVANCE HEALTH, INC. (XNYS:ELV),ELEVANCE HEALTH, INC.,ELV, $122,050,456,704 
MEDTRONIC PUBLIC LIMITED COMPANY (XNYS:MDT),MEDTRONIC PUBLIC LIMITED COMPANY,MDT, $110,665,278,780 
INTERNATIONAL BUSINESS MACHINES CORPORATION (XNYS:IBM),INTERNATIONAL BUSINESS MACHINES CORPORATION,IBM, $117,442,590,000 
INTEL CORPORATION (XNAS:INTC),INTEL CORPORATION,INTC, $110,738,820,000 
NIKE, INC. (XNYS:NKE),NIKE, INC.,NKE, $138,466,303,500 
NETFLIX, INC. (XNAS:NFLX),NETFLIX, INC.,NFLX, $119,252,300,000 
LOCKHEED MARTIN CORPORATION (XNYS:LMT),LOCKHEED MARTIN CORPORATION,LMT, $116,449,900,000 
ADVANCED MICRO DEVICES, INC. (XNAS:AMD),ADVANCED MICRO DEVICES, INC.,AMD, $94,954,361,220 
S&P Global Inc. (XNYS:SPGI),S&P Global Inc.,SPGI, $98,695,990,000 
AMERICAN EXPRESS COMPANY (XNYS:AXP),AMERICAN EXPRESS COMPANY,AXP, $104,994,681,912 
DEERE & COMPANY (XNYS:DE),DEERE & COMPANY,DE, $115,615,015,976 
THE GOLDMAN SACHS GROUP, INC. (XNYS:GS),THE GOLDMAN SACHS GROUP, INC.,GS, $110,974,803,090 
AMERICAN TOWER CORPORATION (XNYS:AMT),AMERICAN TOWER CORPORATION,AMT, $87,325,478,964 
PAYPAL HOLDINGS, INC. (XNAS:PYPL),PAYPAL HOLDINGS, INC.,PYPL, $97,074,595,440 
STARBUCKS CORPORATION (XNAS:SBUX),STARBUCKS CORPORATION,SBUX, $101,671,114,000 
AUTOMATIC DATA PROCESSING, INC. (XNAS:ADP),AUTOMATIC DATA PROCESSING, INC.,ADP, $96,654,990,258 
CATERPILLAR INC. (XNYS:CAT),CATERPILLAR INC.,CAT, $95,308,720,000 
CIGNA CORPORATION (XNYS:CI),CIGNA CORPORATION,CI, $91,943,715,707 
BLACKROCK, INC. (XNYS:BLK),BLACKROCK, INC.,BLK, $89,864,874,394 
CITIGROUP INC. (XNYS:C),CITIGROUP INC.,C, $85,718,784,600 
GILEAD SCIENCES, INC. (XNAS:GILD),GILEAD SCIENCES, INC.,GILD, $82,922,790,000 
STRYKER CORPORATION (XNYS:SYK),STRYKER CORPORATION,SYK, $82,591,192,017 
SERVICENOW, INC. (XNYS:NOW),SERVICENOW, INC.,NOW, $72,855,340,000 
Chubb Ltd (XNYS:CB),Chubb Ltd,CB, $82,605,292,506 
PROLOGIS, INC. (XNYS:PLD),PROLOGIS, INC.,PLD, $95,168,558,460 
Mondelez International, Inc. (XNAS:MDLZ),Mondelez International, Inc.,MDLZ, $78,601,960,100 
MARSH & MCLENNAN COMPANIES, INC. (XNYS:MMC),MARSH & MCLENNAN COMPANIES, INC.,MMC, $77,312,812,261 
VERTEX PHARMACEUTICALS INCORPORATED (XNAS:VRTX),VERTEX PHARMACEUTICALS INCORPORATED,VRTX, $76,937,850,000 
REGENERON PHARMACEUTICALS, INC. (XNAS:REGN),REGENERON PHARMACEUTICALS, INC.,REGN, $77,822,115,453 
NORTHROP GRUMMAN CORPORATION (XNYS:NOC),NORTHROP GRUMMAN CORPORATION,NOC, $80,861,408,058 
Altria Group, Inc. (XNYS:MO),Altria Group, Inc.,MO, $80,100,607,040 
THE SOUTHERN COMPANY (XNYS:SO),THE SOUTHERN COMPANY,SO, $67,500,590,000 
THE TJX COMPANIES, INC. (XNYS:TJX),THE TJX COMPANIES, INC.,TJX, $78,498,793,330 
THE BOEING COMPANY (XNYS:BA),THE BOEING COMPANY,BA, $83,917,398,784 
ANALOG DEVICES, INC. (XNAS:ADI),ANALOG DEVICES, INC.,ADI, $75,397,335,144 
DUKE ENERGY CORPORATION (XNYS:DUK),DUKE ENERGY CORPORATION,DUK, $68,111,440,047 
APPLIED MATERIALS, INC. (XNAS:AMAT),APPLIED MATERIALS, INC.,AMAT, $70,906,700,748 
ZOETIS INC. (XNYS:ZTS),ZOETIS INC.,ZTS, $68,914,683,306 
TARGET CORPORATION (XNYS:TGT),TARGET CORPORATION,TGT, $73,269,203,294 
THE PROGRESSIVE CORPORATION (XNYS:PGR),THE PROGRESSIVE CORPORATION,PGR, $71,645,495,000 
GENERAL ELECTRIC COMPANY (XNYS:GE),GENERAL ELECTRIC COMPANY,GE, $79,850,989,460 
INTUITIVE SURGICAL, INC. (XNAS:ISRG),INTUITIVE SURGICAL, INC.,ISRG, $78,025,226,088 
WASTE MANAGEMENT, INC. (XNYS:WM),WASTE MANAGEMENT, INC.,WM, $66,063,444,931 
EOG RESOURCES, INC. (XNYS:EOG),EOG RESOURCES, INC.,EOG, $79,116,007,500 
BOOKING HOLDINGS INC. (XNAS:BKNG),BOOKING HOLDINGS INC.,BKNG, $72,376,155,437 
CME GROUP INC. (XNAS:CME),CME GROUP INC.,CME, $61,100,066,667 
BECTON, DICKINSON AND COMPANY (XNYS:BDX),BECTON, DICKINSON AND COMPANY,BDX, $63,769,624,360 
3M COMPANY (XNYS:MMM),3M COMPANY,MMM, $66,535,431,559 
CROWN CASTLE INC. (XNYS:CCI),CROWN CASTLE INC.,CCI, $53,514,470,000 
HUMANA INC. (XNYS:HUM),HUMANA INC.,HUM, $64,610,725,998 
THE PNC FINANCIAL SERVICES GROUP, INC. (XNYS:PNC),THE PNC FINANCIAL SERVICES GROUP, INC.,PNC, $64,131,089,880 
U.S. BANCORP (XNYS:USB),U.S. BANCORP,USB, $60,189,109,840 
FISERV, INC. (XNAS:FISV),FISERV, INC.,FISV, $61,873,394,856 
COLGATE-PALMOLIVE COMPANY (XNYS:CL),COLGATE-PALMOLIVE COMPANY,CL, $59,614,570,694 
GENERAL DYNAMICS CORPORATION (XNYS:GD),GENERAL DYNAMICS CORPORATION,GD, $66,532,128,120 
ACTIVISION BLIZZARD, INC. (XNAS:ATVI),ACTIVISION BLIZZARD, INC.,ATVI, $56,881,512,885 
Truist Financial Corporation (XNYS:TFC),Truist Financial Corporation,TFC, $55,074,056,660 
OCCIDENTAL PETROLEUM CORPORATION (XNYS:OXY),OCCIDENTAL PETROLEUM CORPORATION,OXY, $66,378,112,794 
Dominion Energy, Inc. (XNYS:D),Dominion Energy, Inc.,D, $54,553,908,484 
CSX Corporation (XNAS:CSX),CSX Corporation,CSX, $58,969,777,140 
Aon plc (XNYS:AON),Aon plc,AON, $59,084,479,072 
ILLINOIS TOOL WORKS INC. (XNYS:ITW),ILLINOIS TOOL WORKS INC.,ITW, $60,568,196,954 
BOSTON SCIENTIFIC CORPORATION (XNYS:BSX),BOSTON SCIENTIFIC CORPORATION,BSX, $58,080,579,980 
MICRON TECHNOLOGY, INC. (XNAS:MU),MICRON TECHNOLOGY, INC.,MU, $58,380,950,000 
DOLLAR GENERAL CORPORATION (XNYS:DG),DOLLAR GENERAL CORPORATION,DG, $53,995,097,829 
EATON CORPORATION PUBLIC LIMITED COMPANY (XNYS:ETN),EATON CORPORATION PUBLIC LIMITED COMPANY,ETN, $55,495,139,000 
THE SHERWIN-WILLIAMS COMPANY (XNYS:SHW),THE SHERWIN-WILLIAMS COMPANY,SHW, $53,863,411,060 
HCA HEALTHCARE, INC. (XNYS:HCA),HCA HEALTHCARE, INC.,HCA, $56,446,297,168 
PIONEER NATURAL RESOURCES COMPANY (XNYS:PXD),PIONEER NATURAL RESOURCES COMPANY,PXD, $63,091,595,015 
EQUINIX, INC. (XNAS:EQIX),EQUINIX, INC.,EQIX, $48,688,796,574 
AIR PRODUCTS AND CHEMICALS, INC. (XNYS:APD),AIR PRODUCTS AND CHEMICALS, INC.,APD, $53,517,880,710 
PUBLIC STORAGE (XNYS:PSA),PUBLIC STORAGE,PSA, $51,377,603,292 
EDWARDS LIFESCIENCES CORPORATION (XNYS:EW),EDWARDS LIFESCIENCES CORPORATION,EW, $52,577,374,311 
Schlumberger N.V. (XNYS:SLB),Schlumberger N.V.,SLB, $71,299,299,080 
KEURIG DR PEPPER INC. (XNAS:KDP),KEURIG DR PEPPER INC.,KDP, $53,274,133,440 
INTERCONTINENTAL EXCHANGE, INC. (XNYS:ICE),INTERCONTINENTAL EXCHANGE, INC.,ICE, $51,964,535,510 
LAM RESEARCH CORPORATION (XNAS:LRCX),LAM RESEARCH CORPORATION,LRCX, $50,531,612,505 
THE ESTEE LAUDER COMPANIES INC. (XNYS:EL),THE ESTEE LAUDER COMPANIES INC.,EL, $72,060,418,940 
MARATHON PETROLEUM CORPORATION (XNYS:MPC),MARATHON PETROLEUM CORPORATION,MPC, $55,536,752,258 
METLIFE, INC. (XNYS:MET),METLIFE, INC.,MET, $54,285,629,258 
NORFOLK SOUTHERN CORPORATION (XNYS:NSC),NORFOLK SOUTHERN CORPORATION,NSC, $48,863,124,548 
MCKESSON CORPORATION (XNYS:MCK),MCKESSON CORPORATION,MCK, $51,626,540,000 
CHARTER COMMUNICATIONS, INC. (XNAS:CHTR),CHARTER COMMUNICATIONS, INC.,CHTR, $53,080,345,920 
SEMPRA ENERGY (XNYS:SRE),SEMPRA ENERGY,SRE, $44,720,069,484 
MODERNA, INC. (XNAS:MRNA),MODERNA, INC.,MRNA, $50,198,732,672 
GENERAL MOTORS COMPANY (XNYS:GM),GENERAL MOTORS COMPANY,GM, $51,031,715,000 
SYNOPSYS, INC. (XNAS:SNPS),SYNOPSYS, INC.,SNPS, $44,299,950,000 
FIDELITY NATIONAL INFORMATION SERVICES, INC. (XNYS:FIS),FIDELITY NATIONAL INFORMATION SERVICES, INC.,FIS, $47,318,974,438 
MONSTER BEVERAGE CORPORATION (XNAS:MNST),MONSTER BEVERAGE CORPORATION,MNST, $46,149,900,945 
MARRIOTT INTERNATIONAL, INC. (XNAS:MAR),MARRIOTT INTERNATIONAL, INC.,MAR, $49,815,394,386 
GENERAL MILLS, INC. (XNYS:GIS),GENERAL MILLS, INC.,GIS, $45,725,982,624 
ARCHER-DANIELS-MIDLAND COMPANY (XNYS:ADM),ARCHER-DANIELS-MIDLAND COMPANY,ADM, $50,276,769,904 
CADENCE DESIGN SYSTEMS, INC. (XNAS:CDNS),CADENCE DESIGN SYSTEMS, INC.,CDNS, $43,364,575,800 
MOODY'S CORPORATION (XNYS:MCO),MOODY'S CORPORATION,MCO, $44,412,505,000 
O'Reilly Automotive, Inc. (XNAS:ORLY),O'Reilly Automotive, Inc.,ORLY, $47,113,240,040 
CENTENE CORPORATION (XNYS:CNC),CENTENE CORPORATION,CNC, $42,211,242,080 
AMERICAN ELECTRIC POWER COMPANY, INC. (XNAS:AEP),AMERICAN ELECTRIC POWER COMPANY, INC.,AEP, $43,991,042,420 
FORD MOTOR COMPANY (XNYS:F),FORD MOTOR COMPANY,F, $49,006,701,220 
CONSTELLATION BRANDS, INC. (XWBO:STZ),CONSTELLATION BRANDS, INC.,STZ, $44,930,650,000 
EMERSON ELECTRIC CO. (XNYS:EMR),EMERSON ELECTRIC CO.,EMR, $49,172,508,000 
REPUBLIC SERVICES, INC. (XNYS:RSG),REPUBLIC SERVICES, INC.,RSG, $42,189,732,882 
KLA Corporation (XNAS:KLAC),KLA Corporation,KLAC, $41,213,600,914 
VALERO ENERGY CORPORATION (XNYS:VLO),VALERO ENERGY CORPORATION,VLO, $50,325,766,122 
AUTOZONE, INC. (XNYS:AZO),AUTOZONE, INC.,AZO, $44,841,552,228 
CHIPOTLE MEXICAN GRILL, INC. (XNYS:CMG),CHIPOTLE MEXICAN GRILL, INC.,CMG, $43,030,209,863 
CORTEVA, INC. (XNYS:CTVA),CORTEVA, INC.,CTVA, $45,185,568,000 
ECOLAB INC. (XNYS:ECL),ECOLAB INC.,ECL, $41,582,774,172 
THE KRAFT HEINZ COMPANY (XWBO:KHC),THE KRAFT HEINZ COMPANY,KHC, $43,307,040,000 
PAYCHEX, INC. (XNAS:PAYX),PAYCHEX, INC.,PAYX, $40,422,464,000 
AUTODESK, INC. (XNAS:ADSK),AUTODESK, INC.,ADSK, $42,703,390,000 
AMPHENOL CORPORATION (XNYS:APH),AMPHENOL CORPORATION,APH, $42,559,950,555 
L3HARRIS TECHNOLOGIES, INC. (XNYS:LHX),L3HARRIS TECHNOLOGIES, INC.,LHX, $47,302,511,040 
CINTAS CORPORATION (XNAS:CTAS),CINTAS CORPORATION,CTAS, $40,612,027,282 
DEVON ENERGY CORPORATION (XNYS:DVN),DEVON ENERGY CORPORATION,DVN, $48,645,092,000 
FREEPORT-MCMORAN INC. (XNYS:FCX),FREEPORT-MCMORAN INC.,FCX, $45,779,518,100 
PHILLIPS 66 (XNYS:PSX),PHILLIPS 66,PSX, $48,316,772,484 
BIOGEN INC. (XNAS:BIIB),BIOGEN INC.,BIIB, $39,192,751,980 
FORTINET, INC. (XNAS:FTNT),FORTINET, INC.,FTNT, $42,382,993,000 
NXP Semiconductors NV (XNAS:NXPI),NXP Semiconductors NV,NXPI, $38,142,432,125 
FEDEX CORPORATION (XNYS:FDX),FEDEX CORPORATION,FDX, $39,873,479,954 
ROPER TECHNOLOGIES, INC. (XNYS:ROP),ROPER TECHNOLOGIES, INC.,ROP, $39,300,939,008 
KIMBERLY-CLARK CORPORATION (XNYS:KMB),KIMBERLY-CLARK CORPORATION,KMB, $38,475,437,308 
ENPHASE ENERGY, INC. (XNAS:ENPH),ENPHASE ENERGY, INC.,ENPH, $34,135,239,600 
KINDER MORGAN, INC. (XNYS:KMI),KINDER MORGAN, INC.,KMI, $39,657,150,720 
MOTOROLA SOLUTIONS, INC. (XNYS:MSI),MOTOROLA SOLUTIONS, INC.,MSI, $37,779,448,938 
EXELON CORPORATION (XNAS:EXC),EXELON CORPORATION,EXC, $36,479,557,440 
The Travelers Companies, Inc. (XNYS:TRV),The Travelers Companies, Inc.,TRV, $41,299,059,925 
AMERICAN INTERNATIONAL GROUP, INC. (XNYS:AIG),AMERICAN INTERNATIONAL GROUP, INC.,AIG, $40,492,157,325 
ARTHUR J. GALLAGHER & CO. (XNYS:AJG),ARTHUR J. GALLAGHER & CO.,AJG, $36,886,624,320 
AGILENT TECHNOLOGIES, INC. (XNYS:A),AGILENT TECHNOLOGIES, INC.,A, $38,449,753,128 
SYSCO CORPORATION (XNYS:SYY),SYSCO CORPORATION,SYY, $40,565,969,895 
AFLAC INCORPORATED (XNYS:AFL),AFLAC INCORPORATED,AFL, $38,527,949,005 
CAPITAL ONE FINANCIAL CORPORATION (XNYS:COF),CAPITAL ONE FINANCIAL CORPORATION,COF, $36,940,750,000 
TE Connectivity Ltd (XNYS:TEL),TE Connectivity Ltd,TEL, $36,746,302,710 
REALTY INCOME CORPORATION (XNYS:O),REALTY INCOME CORPORATION,O, $35,590,991,325 
Xcel Energy Inc. (XNAS:XEL),Xcel Energy Inc.,XEL, $33,311,770,170 
THE WILLIAMS COMPANIES, INC. (XNYS:WMB),THE WILLIAMS COMPANIES, INC.,WMB, $38,408,065,600 
ARISTA NETWORKS, INC. (XNYS:ANET),ARISTA NETWORKS, INC.,ANET, $33,629,080,860 
MSCI INC. (XNYS:MSCI),MSCI INC.,MSCI, $32,320,320,351 
JOHNSON CONTROLS INTERNATIONAL PLC (XNYS:JCI),JOHNSON CONTROLS INTERNATIONAL PLC,JCI, $36,534,498,312 
IQVIA HOLDINGS INC (XNYS:IQV),IQVIA HOLDINGS INC,IQV, $33,226,382,385 
HESS CORPORATION (XNYS:HES),HESS CORPORATION,HES, $41,977,588,142 
MICROCHIP TECHNOLOGY INCORPORATED (XNAS:MCHP),MICROCHIP TECHNOLOGY INCORPORATED,MCHP, $34,171,147,770 
THE ALLSTATE CORPORATION (XNYS:ALL),THE ALLSTATE CORPORATION,ALL, $32,457,095,648 
Trane Technologies plc (XNYS:TT),Trane Technologies plc,TT, $33,566,582,564 
TWITTER, INC. (XNYS:TWTR),TWITTER, INC.,TWTR, $38,178,132,918 
NEWMONT CORPORATION (XNYS:NEM),NEWMONT CORPORATION,NEM, $33,628,242,784 
HILTON WORLDWIDE HOLDINGS INC. (XNYS:HLT),HILTON WORLDWIDE HOLDINGS INC.,HLT, $35,994,735,502 
THE HERSHEY COMPANY (XNYS:HSY),THE HERSHEY COMPANY,HSY, $46,781,311,548 
ELECTRONIC ARTS INC. (XNAS:EA),ELECTRONIC ARTS INC.,EA, $34,752,882,047 
BROWN-FORMAN CORPORATION (XNYS:BF.B),BROWN-FORMAN CORPORATION,BF.B, $30,519,310,000 
RESMED INC. (XNYS:RMD),RESMED INC.,RMD, $31,843,130,000 
PRUDENTIAL FINANCIAL, INC. (XNYS:PRU),PRUDENTIAL FINANCIAL, INC.,PRU, $36,563,880,000 
M&T BANK CORPORATION (XNYS:MTB),M&T BANK CORPORATION,MTB, $27,970,033,000 
DEXCOM, INC. (XNAS:DXCM),DEXCOM, INC.,DXCM, $37,562,226,624 
Dow Inc. (XNYS:DOW),Dow Inc.,DOW, $33,660,510,725 
THE KROGER CO. (XNYS:KR),THE KROGER CO.,KR, $31,230,628,869 
THE BANK OF NEW YORK MELLON CORPORATION (XNYS:BK),THE BANK OF NEW YORK MELLON CORPORATION,BK, $32,517,104,399 
PARKER-HANNIFIN CORPORATION (XNYS:PH),PARKER-HANNIFIN CORPORATION,PH, $34,606,054,912 
ALBEMARLE CORPORATION (XNYS:ALB),ALBEMARLE CORPORATION,ALB, $31,625,947,288 
SBA Communications Corporation (XNAS:SBAC),SBA Communications Corporation,SBAC, $26,775,394,060 
DOLLAR TREE, INC. (XNAS:DLTR),DOLLAR TREE, INC.,DLTR, $32,159,592,570 
CONSOLIDATED EDISON, INC. (XNYS:ED),CONSOLIDATED EDISON, INC.,ED, $30,093,382,827 
YUM! BRANDS, INC. (XNYS:YUM),YUM! BRANDS, INC.,YUM, $31,592,753,775 
ILLUMINA, INC. (XNAS:ILMN),ILLUMINA, INC.,ILMN, $34,563,571,000 
GLOBAL PAYMENTS INC. (XNYS:GPN),GLOBAL PAYMENTS INC.,GPN, $31,665,861,325 
CARRIER GLOBAL CORPORATION (XNYS:CARR),CARRIER GLOBAL CORPORATION,CARR, $29,615,319,845 
COGNIZANT TECHNOLOGY SOLUTIONS CORPORATION (XNAS:CTSH),COGNIZANT TECHNOLOGY SOLUTIONS CORPORATION,CTSH, $31,212,073,772 
SIMON PROPERTY GROUP, INC. (XNYS:SPG),SIMON PROPERTY GROUP, INC.,SPG, $33,076,424,088 
ROSS STORES, INC. (XNAS:ROST),ROSS STORES, INC.,ROST, $29,524,632,395 
WELLTOWER INC. (XNYS:WELL),WELLTOWER INC.,WELL, $26,819,832,448 
PACCAR INC (XNAS:PCAR),PACCAR INC,PCAR, $31,353,804,196 
VICI PROPERTIES INC. (XNYS:VICI),VICI PROPERTIES INC.,VICI, $28,940,956,670 
CUMMINS INC. (XNYS:CMI),CUMMINS INC.,CMI, $32,821,597,517 
LAS VEGAS SANDS CORP. (XNYS:LVS),LAS VEGAS SANDS CORP.,LVS, $29,855,578,827 
DIGITAL REALTY TRUST, INC. (XNYS:DLR),DIGITAL REALTY TRUST, INC.,DLR, $27,838,319,508 
TRANSDIGM GROUP INCORPORATED (XNYS:TDG),TRANSDIGM GROUP INCORPORATED,TDG, $29,171,738,920 
WEC ENERGY GROUP, INC. (XNYS:WEC),WEC ENERGY GROUP, INC.,WEC, $27,332,399,425 
KEYSIGHT TECHNOLOGIES, INC. (XNYS:KEYS),KEYSIGHT TECHNOLOGIES, INC.,KEYS, $30,209,422,848 
PUBLIC SERVICE ENTERPRISE GROUP INCORPORATED (XNYS:PEG),PUBLIC SERVICE ENTERPRISE GROUP INCORPORATED,PEG, $27,088,103,430 
AMERISOURCEBERGEN CORPORATION (XNYS:ABC),AMERISOURCEBERGEN CORPORATION,ABC, $30,618,239,112 
NUCOR CORPORATION (XNYS:NUE),NUCOR CORPORATION,NUE, $35,487,628,824 
WARNER BROS. DISCOVERY, INC. (XNAS:WBD),WARNER BROS. DISCOVERY, INC.,WBD, $32,748,229,570 
Nasdaq, Inc. (XNAS:NDAQ),Nasdaq, Inc.,NDAQ, $28,363,400,788 
OLD DOMINION FREIGHT LINE, INC. (XNAS:ODFL),OLD DOMINION FREIGHT LINE, INC.,ODFL, $29,109,276,777 
COSTAR GROUP, INC. (XNAS:CSGP),COSTAR GROUP, INC.,CSGP, $29,955,591,840 
Amplifon SpA (XWBO:AMP),Amplifon SpA,AMP, € 7,008,992,000 
CONSTELLATION ENERGY CORPORATION. (XNAS:CEG),CONSTELLATION ENERGY CORPORATION.,CEG, $27,638,040,000 
WALGREENS BOOTS ALLIANCE, INC. (XNAS:WBA),WALGREENS BOOTS ALLIANCE, INC.,WBA, $29,663,089,329 
BAXTER INTERNATIONAL INC. (XNYS:BAX),BAXTER INTERNATIONAL INC.,BAX, $28,418,751,801 
IDEXX LABORATORIES, INC. (XNAS:IDXX),IDEXX LABORATORIES, INC.,IDXX, $28,110,611,805 
Eversource Energy (XNYS:ES),Eversource Energy,ES, $25,148,319,147 
ON SEMICONDUCTOR CORPORATION (XNAS:ON),ON SEMICONDUCTOR CORPORATION,ON, $28,454,966,752 
OTIS WORLDWIDE CORPORATION (XNYS:OTIS),OTIS WORLDWIDE CORPORATION,OTIS, $28,067,268,564 
VERISK ANALYTICS, INC. (XNAS:VRSK),VERISK ANALYTICS, INC.,VRSK, $26,210,750,400 
Fastenal Company (XNAS:FAST),Fastenal Company,FAST, $26,398,503,791 
AMETEK, INC. (XNYS:AME),AMETEK, INC.,AME, $27,361,141,794 
PPG INDUSTRIES, INC. (XNYS:PPG),PPG INDUSTRIES, INC.,PPG, $26,458,357,266 
AVALONBAY COMMUNITIES, INC. (XNYS:AVB),AVALONBAY COMMUNITIES, INC.,AVB, $24,455,026,100 
COPART, INC. (XNAS:CPRT),COPART, INC.,CPRT, $26,098,550,689 
EQUITY RESIDENTIAL (XNYS:EQR),EQUITY RESIDENTIAL,EQR, $24,150,556,042 
DuPont de Nemours, Inc. (XNYS:DD),DuPont de Nemours, Inc.,DD, $27,840,127,602 
HP INC. (XNYS:HPQ),HP INC.,HPQ, $26,949,105,810 
W.W. GRAINGER, INC. (XNYS:GWW),W.W. GRAINGER, INC.,GWW, $26,436,745,215 
DISCOVER FINANCIAL SERVICES (XNYS:DFS),DISCOVER FINANCIAL SERVICES,DFS, $25,863,858,684 
ROCKWELL AUTOMATION, INC. (XNYS:ROK),ROCKWELL AUTOMATION, INC.,ROK, $26,766,006,198 
HORMEL FOODS CORPORATION (XNYS:HRL),HORMEL FOODS CORPORATION,HRL, $24,562,506,072 
LyondellBasell Industries NV (XNYS:LYB),LyondellBasell Industries NV,LYB, $26,801,084,960 
CORNING INCORPORATED (XNYS:GLW),CORNING INCORPORATED,GLW, $27,210,789,638 
METTLER-TOLEDO INTERNATIONAL INC. (XNYS:MTD),METTLER-TOLEDO INTERNATIONAL INC.,MTD, $26,431,312,651 
T. ROWE PRICE GROUP, INC. (XNAS:TROW),T. ROWE PRICE GROUP, INC.,TROW, $23,137,902,832 
KELLOGG COMPANY (XNYS:K),KELLOGG COMPANY,K, $24,569,770,344 
AMERICAN WATER WORKS COMPANY, INC. (XNYS:AWK),AMERICAN WATER WORKS COMPANY, INC.,AWK, $24,133,975,740 
FIRST REPUBLIC BANK (XNYS:FRC),FIRST REPUBLIC BANK,FRC, $20,560,050,000 
D.R. HORTON, INC. (XNYS:DHI),D.R. HORTON, INC.,DHI, $24,236,834,625 
INTERNATIONAL FLAVORS & FRAGRANCES INC. (XNYS:IFF),INTERNATIONAL FLAVORS & FRAGRANCES INC.,IFF, $23,982,873,697 
EXTRA SPACE STORAGE INC. (XNYS:EXR),EXTRA SPACE STORAGE INC.,EXR, $22,199,940,000 
ONEOK, INC. (XNYS:OKE),ONEOK, INC.,OKE, $25,292,400,520 
ALEXANDRIA REAL ESTATE EQUITIES, INC. (XNYS:ARE),ALEXANDRIA REAL ESTATE EQUITIES, INC.,ARE, $21,546,374,015 
STATE STREET CORPORATION (XNYS:STT),STATE STREET CORPORATION,STT, $25,433,913,600 
HALLIBURTON COMPANY (XNYS:HAL),HALLIBURTON COMPANY,HAL, $30,727,272,884 
BROADRIDGE FINANCIAL SOLUTIONS, INC. (XNYS:BR),BROADRIDGE FINANCIAL SOLUTIONS, INC.,BR, $16,517,390,000 
DTE ENERGY COMPANY (XNYS:DTE),DTE ENERGY COMPANY,DTE, $20,816,976,180 
Willis Towers Watson Public Limited Company (XNAS:WTW),Willis Towers Watson Public Limited Company,WTW, $22,595,720,000 
ZIMMER BIOMET HOLDINGS, INC. (XNYS:ZBH),ZIMMER BIOMET HOLDINGS, INC.,ZBH, $22,532,516,105 
FIFTH THIRD BANCORP (XNAS:FITB),FIFTH THIRD BANCORP,FITB, $22,657,980,592 
GARTNER, INC. (XNYS:IT),GARTNER, INC.,IT, $22,917,457,525 
CBRE GROUP, INC. (XNYS:CBRE),CBRE GROUP, INC.,CBRE, $22,260,396,665 
EDISON INTERNATIONAL (XNYS:EIX),EDISON INTERNATIONAL,EIX, $21,222,876,480 
RAYMOND JAMES FINANCIAL, INC. (XNYS:RJF),RAYMOND JAMES FINANCIAL, INC.,RJF, $21,796,166,750 
BAKER HUGHES COMPANY (XNAS:BKR),BAKER HUGHES COMPANY,BKR, $26,910,030,000 
APTIV PLC (XNYS:APTV),APTIV PLC,APTV, $23,581,990,912 
LENNAR CORPORATION (XNYS:LEN),LENNAR CORPORATION,LEN, $20,293,540,000 
WEYERHAEUSER COMPANY (XNYS:WY),WEYERHAEUSER COMPANY,WY, $22,179,837,400 
FIRSTENERGY CORP. (XNYS:FE),FIRSTENERGY CORP.,FE, $20,804,502,872 
GENUINE PARTS COMPANY (XNYS:GPC),GENUINE PARTS COMPANY,GPC, $22,327,700,000 
CDW CORPORATION (XNAS:CDW),CDW CORPORATION,CDW, $21,967,552,976 
EQUIFAX INC. (XNYS:EFX),EQUIFAX INC.,EFX, $18,607,248,000 
VULCAN MATERIALS COMPANY (XNYS:VMC),VULCAN MATERIALS COMPANY,VMC, $20,656,802,430 
DIAMONDBACK ENERGY, INC. (XNAS:FANG),DIAMONDBACK ENERGY, INC.,FANG, $27,088,756,352 
AMEREN CORPORATION (XNYS:AEE),AMEREN CORPORATION,AEE, $20,044,391,148 
Coterra Energy Inc. (XNYS:CTRA),Coterra Energy Inc.,CTRA, $23,605,309,584 
EPAM SYSTEMS, INC. (XNYS:EPAM),EPAM SYSTEMS, INC.,EPAM, $19,010,992,627 
FORTIVE CORPORATION (XNYS:FTV),FORTIVE CORPORATION,FTV, $21,857,580,650 
TRACTOR SUPPLY COMPANY (XNAS:TSCO),TRACTOR SUPPLY COMPANY,TSCO, $21,908,089,737 
INVITATION HOMES INC. (XNYS:INVH),INVITATION HOMES INC.,INVH, $20,202,912,690 
ULTA BEAUTY, INC. (XNAS:ULTA),ULTA BEAUTY, INC.,ULTA, $19,608,102,415 
ENTERGY CORPORATION (XNYS:ETR),ENTERGY CORPORATION,ETR, $20,807,627,220 
EBAY INC. (XNAS:EBAY),EBAY INC.,EBAY, $21,101,221,039 
METALLICA MINERALS LIMITED (XASX:MLM),METALLICA MINERALS LIMITED,MLM, $27,498,690 
THE HARTFORD FINANCIAL SERVICES GROUP, INC. (XNYS:HIG),THE HARTFORD FINANCIAL SERVICES GROUP, INC.,HIG, $21,711,937,856 
SVB FINANCIAL GROUP (XNAS:SIVB),SVB FINANCIAL GROUP,SIVB, $13,590,701,469 
PAYCOM SOFTWARE, INC. (XNYS:PAYC),PAYCOM SOFTWARE, INC.,PAYC, $19,389,111,313 
ANSYS, INC. (XNAS:ANSS),ANSYS, INC.,ANSS, $18,645,753,539 
CF INDUSTRIES HOLDINGS, INC. (XNYS:CF),CF INDUSTRIES HOLDINGS, INC.,CF, $20,806,790,000 
MOLINA HEALTHCARE, INC. (XNYS:MOH),MOLINA HEALTHCARE, INC.,MOH, $20,938,078,000 
MCCORMICK & COMPANY, INCORPORATED (XNYS:MKC),MCCORMICK & COMPANY, INCORPORATED,MKC, $19,549,020,000 
TYSON FOODS, INC. (XNYS:TSN),TYSON FOODS, INC.,TSN, $23,418,929,776 
HUNTINGTON BANCSHARES INCORPORATED (XNAS:HBAN),HUNTINGTON BANCSHARES INCORPORATED,HBAN, $20,839,703,300 
LABORATORY CORPORATION OF AMERICA HOLDINGS (XNYS:LH),LABORATORY CORPORATION OF AMERICA HOLDINGS,LH, $19,138,584,000 
UNITED RENTALS, INC. (XNYS:URI),UNITED RENTALS, INC.,URI, $19,923,435,131 
REGIONS FINANCIAL CORPORATION (XNYS:RF),REGIONS FINANCIAL CORPORATION,RF, $18,239,415,776 
PPL CORPORATION (XNYS:PPL),PPL CORPORATION,PPL, $18,912,587,512 
VERISIGN, INC. (XNAS:VRSN),VERISIGN, INC.,VRSN, $19,168,300,000 
DUKE REALTY CORPORATION (XNYS:DRE),DUKE REALTY CORPORATION,DRE, $18,556,650,000 
SOUTHWEST AIRLINES CO. (XNYS:LUV),SOUTHWEST AIRLINES CO.,LUV, $19,639,891,620 
WEST PHARMACEUTICAL SERVICES, INC. (XNYS:WST),WEST PHARMACEUTICAL SERVICES, INC.,WST, $17,244,295,911 
QUANTA SERVICES, INC. (XNYS:PWR),QUANTA SERVICES, INC.,PWR, $18,698,820,000 
TAKE-TWO INTERACTIVE SOFTWARE, INC. (XNAS:TTWO),TAKE-TWO INTERACTIVE SOFTWARE, INC.,TTWO, $20,928,017,385 
DELTA AIR LINES, INC. (XNYS:DAL),DELTA AIR LINES, INC.,DAL, $20,889,918,072 
PRINCIPAL FINANCIAL GROUP, INC. (XNAS:PFG),PRINCIPAL FINANCIAL GROUP, INC.,PFG, $19,649,868,732 
MID-AMERICA APARTMENT COMMUNITIES, INC. (XNYS:MAA),MID-AMERICA APARTMENT COMMUNITIES, INC.,MAA, $17,261,563,764 
NORTHERN TRUST CORPORATION (XNAS:NTRS),NORTHERN TRUST CORPORATION,NTRS, $16,603,228,000 
CENTERPOINT ENERGY, INC. (XNYS:CNP),CENTERPOINT ENERGY, INC.,CNP, $17,002,873,329 
THE MOSAIC COMPANY (XNYS:MOS),THE MOSAIC COMPANY,MOS, $18,333,688,320 
LIVE NATION ENTERTAINMENT, INC. (XNYS:LYV),LIVE NATION ENTERTAINMENT, INC.,LYV, $18,289,657,254 
JACOBS SOLUTIONS INC. (XNYS:J),JACOBS SOLUTIONS INC.,J, $14,421,990,000 
CARDINAL HEALTH, INC. (XNYS:CAH),CARDINAL HEALTH, INC.,CAH, $19,134,845,905 
INGERSOLL RAND INC. (XNYS:IR),INGERSOLL RAND INC.,IR, $18,864,843,669 
CHURCH & DWIGHT CO., INC. (XNYS:CHD),CHURCH & DWIGHT CO., INC.,CHD, $17,540,480,000 
W. R. BERKLEY CORPORATION (XNYS:WRB),W. R. BERKLEY CORPORATION,WRB, $18,927,228,550 
BROWN & BROWN, INC. (XNYS:BRO),BROWN & BROWN, INC.,BRO, $17,379,413,079 
ROLLINS, INC. (XNYS:ROL),ROLLINS, INC.,ROL, $17,938,762,239 
CITIZENS FINANCIAL GROUP, INC. (XNYS:CFG),CITIZENS FINANCIAL GROUP, INC.,CFG, $18,805,002,734 
MONOLITHIC POWER SYSTEMS, INC. (XNAS:MPWR),MONOLITHIC POWER SYSTEMS, INC.,MPWR, $15,572,782,870 
CMS ENERGY CORPORATION (XNYS:CMS),CMS ENERGY CORPORATION,CMS, $15,795,346,508 
DOVER CORPORATION (XNYS:DOV),DOVER CORPORATION,DOV, $17,922,130,105 
STERIS PUBLIC LIMITED COMPANY (XNYS:STE),STERIS PUBLIC LIMITED COMPANY,STE, $16,587,430,000 
FOX CORPORATION (XNAS:FOX),FOX CORPORATION,FOX, $15,529,560,000 
FOX CORPORATION (XNAS:FOXA),FOX CORPORATION,FOXA, $15,529,560,000 
J. B. HUNT TRANSPORT SERVICES, INC. (XNAS:JBHT),J. B. HUNT TRANSPORT SERVICES, INC.,JBHT, $17,116,736,840 
ALIGN TECHNOLOGY, INC. (XNAS:ALGN),ALIGN TECHNOLOGY, INC.,ALGN, $16,220,727,817 
WATERS CORPORATION (XNYS:WAT),WATERS CORPORATION,WAT, $16,892,194,550 
HOLOGIC, INC. (XNAS:HOLX),HOLOGIC, INC.,HOLX, $15,605,815,281 
VENTAS, INC. (XNYS:VTR),VENTAS, INC.,VTR, $14,841,336,264 
MARATHON OIL CORPORATION (XNYS:MRO),MARATHON OIL CORPORATION,MRO, $19,751,559,025 
Amcor plc (XNYS:AMCR),Amcor plc,AMCR, $16,215,420,000 
TELEDYNE TECHNOLOGIES INCORPORATED (XNYS:TDY),TELEDYNE TECHNOLOGIES INCORPORATED,TDY, $16,425,119,027 
THE CLOROX COMPANY (XNYS:CLX),THE CLOROX COMPANY,CLX, $16,807,214,125 
ESSEX PROPERTY TRUST, INC. (XNYS:ESS),ESSEX PROPERTY TRUST, INC.,ESS, $14,834,024,443 
XYLEM INC. (XNYS:XYL),XYLEM INC.,XYL, $16,911,863,748 
CONAGRA BRANDS, INC. (XNYS:CAG),CONAGRA BRANDS, INC.,CAG, $16,625,355,949 
DARDEN RESTAURANTS, INC. (XNYS:DRI),DARDEN RESTAURANTS, INC.,DRI, $16,183,240,000 
Garmin Ltd (XNYS:GRMN),Garmin Ltd,GRMN, $15,594,270,000 
HEWLETT PACKARD ENTERPRISE COMPANY (XNYS:HPE),HEWLETT PACKARD ENTERPRISE COMPANY,HPE, $17,331,862,470 
FACTSET RESEARCH SYSTEMS INC. (XNYS:FDS),FACTSET RESEARCH SYSTEMS INC.,FDS, $15,461,131,647 
PERKINELMER, INC. (XNYS:PKI),PERKINELMER, INC.,PKI, $16,478,530,145 
BALL CORPORATION (XNYS:BALL),BALL CORPORATION,BALL, $15,247,050,000 
THE AES CORPORATION (XNYS:AES),THE AES CORPORATION,AES, $16,351,014,528 
IDEX CORPORATION (XNYS:IEX),IDEX CORPORATION,IEX, $15,393,250,659 
KEYCORP (XNYS:KEY),KEYCORP,KEY, $15,761,930,339 
WESTINGHOUSE AIR BRAKE TECHNOLOGIES CORPORATION (XNYS:WAB),WESTINGHOUSE AIR BRAKE TECHNOLOGIES CORPORATION,WAB, $15,273,840,000 
INCYTE CORPORATION (XNAS:INCY),INCYTE CORPORATION,INCY, $15,338,820,000 
EXPEDITORS INTERNATIONAL OF WASHINGTON, INC (XNAS:EXPD),EXPEDITORS INTERNATIONAL OF WASHINGTON, INC,EXPD, $14,682,690,000 
THE J. M. SMUCKER COMPANY (XNYS:SJM),THE J. M. SMUCKER COMPANY,SJM, $15,217,448,013 
TYLER TECHNOLOGIES, INC. (XNYS:TYL),TYLER TECHNOLOGIES, INC.,TYL, $13,969,294,846 
QUEST DIAGNOSTICS INCORPORATED (XNYS:DGX),QUEST DIAGNOSTICS INCORPORATED,DGX, $15,945,911,525 
Best Buy Co., Inc. (XNYS:BBY),Best Buy Co., Inc.,BBY, $14,356,591,116 
CINCINNATI FINANCIAL CORPORATION (XNAS:CINF),CINCINNATI FINANCIAL CORPORATION,CINF, $15,561,750,000 
ATMOS ENERGY CORPORATION (XNYS:ATO),ATMOS ENERGY CORPORATION,ATO, $14,232,601,906 
EXPEDIA GROUP, INC. (XNAS:EXPE),EXPEDIA GROUP, INC.,EXPE, $15,325,725,022 
CAMPBELL SOUP COMPANY (XNYS:CPB),CAMPBELL SOUP COMPANY,CPB, $15,062,859,600 
SKYWORKS SOLUTIONS, INC. (XNAS:SWKS),SKYWORKS SOLUTIONS, INC.,SWKS, $13,499,892,784 
Evergy, Inc. (XNYS:EVRG),Evergy, Inc.,EVRG, $13,091,930,000 
SYNCHRONY FINANCIAL (XNYS:SYF),SYNCHRONY FINANCIAL,SYF, $15,613,809,189 
ZEBRA TECHNOLOGIES CORPORATION (XNAS:ZBRA),ZEBRA TECHNOLOGIES CORPORATION,ZBRA, $13,622,825,817 
UDR, INC. (XNYS:UDR),UDR, INC.,UDR, $12,736,993,360 
MATCH GROUP, INC. (XNAS:MTCH),MATCH GROUP, INC.,MTCH, $12,168,419,500 
NETAPP, INC. (XNAS:NTAP),NETAPP, INC.,NTAP, $14,259,189,919 
TRIMBLE INC. (XNAS:TRMB),TRIMBLE INC.,TRMB, $13,247,200,000 
FMC CORPORATION (XNYS:FMC),FMC CORPORATION,FMC, $14,529,400,000 
ALLIANT ENERGY CORPORATION (XNAS:LNT),ALLIANT ENERGY CORPORATION,LNT, $12,486,087,712 
JACK HENRY & ASSOCIATES, INC. (XNAS:JKHY),JACK HENRY & ASSOCIATES, INC.,JKHY, $13,652,424,828 
AVERY DENNISON CORPORATION (XNYS:AVY),AVERY DENNISON CORPORATION,AVY, $13,898,096,366 
FLEETCOR TECHNOLOGIES, INC. (XNYS:FLT),FLEETCOR TECHNOLOGIES, INC.,FLT, $12,787,524,069 
CITRIX SYSTEMS, INC. (XNAS:CTXS),CITRIX SYSTEMS, INC.,CTXS, $13,178,280,000 
NVR, Inc. (XNYS:NVR),NVR, Inc.,NVR, $12,997,880,000 
THE COOPER COMPANIES, INC. (XNYS:COO),THE COOPER COMPANIES, INC.,COO, $12,829,461,340 
Catalent, Inc. (XNYS:CTLT),Catalent, Inc.,CTLT, $12,281,500,000 
LKQ CORPORATION (XNAS:LKQ),LKQ CORPORATION,LKQ, $14,128,341,100 
OMNICOM GROUP INC. (XNYS:OMC),OMNICOM GROUP INC.,OMC, $14,310,831,898 
HOWMET AEROSPACE INC. (XNYS:HWM),HOWMET AEROSPACE INC.,HWM, $14,692,804,109 
SOLAREDGE TECHNOLOGIES, INC. (XNAS:SEDG),SOLAREDGE TECHNOLOGIES, INC.,SEDG, $11,275,007,339 
IRON MOUNTAIN INCORPORATED (XNYS:IRM),IRON MOUNTAIN INCORPORATED,IRM, $13,682,538,243 
AKAMAI TECHNOLOGIES, INC. (XNAS:AKAM),AKAMAI TECHNOLOGIES, INC.,AKAM, $13,651,235,748 
CAMDEN PROPERTY TRUST (XNYS:CPT),CAMDEN PROPERTY TRUST,CPT, $12,132,485,309 
ETSY, INC. (XNAS:ETSY),ETSY, INC.,ETSY, $12,776,104,099 
POOL CORPORATION (XNAS:POOL),POOL CORPORATION,POOL, $11,276,599,142 
PARAMOUNT GLOBAL (XNAS:PARA),PARAMOUNT GLOBAL,PARA, $12,526,520,000 
Cboe Global Markets, Inc. (BATS:CBOE),Cboe Global Markets, Inc.,CBOE, $12,619,290,000 
BIO-RAD LABORATORIES, INC. (XNYS:BIO),BIO-RAD LABORATORIES, INC.,BIO, $11,201,620,000 
HEALTHPEAK PROPERTIES, INC. (XNYS:PEAK),HEALTHPEAK PROPERTIES, INC.,PEAK, $12,108,206,616 
TEXTRON INC. (XNYS:TXT),TEXTRON INC.,TXT, $13,313,798,904 
PTC INC. (XNAS:PTC),PTC INC.,PTC, $13,202,048,696 
NORDSON CORPORATION (XNAS:NDSN),NORDSON CORPORATION,NDSN, $12,100,630,000 
LOEWS CORPORATION (XNYS:L),LOEWS CORPORATION,L, $12,924,420,000 
LEIDOS HOLDINGS, INC. (XNYS:LDOS),LEIDOS HOLDINGS, INC.,LDOS, $12,746,070,000 
C.H. ROBINSON WORLDWIDE, INC. (XNAS:CHRW),C.H. ROBINSON WORLDWIDE, INC.,CHRW, $11,654,940,864 
TERADYNE, INC. (XNAS:TER),TERADYNE, INC.,TER, $11,594,000,000 
BOSTON PROPERTIES, INC. (XNYS:BXP),BOSTON PROPERTIES, INC.,BXP, $11,363,265,750 
MGM RESORTS INTERNATIONAL (XNYS:MGM),MGM RESORTS INTERNATIONAL,MGM, $12,760,100,000 
V.F. CORPORATION (XNYS:VFC),V.F. CORPORATION,VFC, $10,757,412,705 
NortonLifeLock Inc. (XNAS:NLOK),NortonLifeLock Inc.,NLOK, $14,509,426,000 
INTERNATIONAL PAPER COMPANY (XNYS:IP),INTERNATIONAL PAPER COMPANY,IP, $11,975,515,744 
KIMCO REALTY CORPORATION (XNYS:KIM),KIMCO REALTY CORPORATION,KIM, $12,177,910,580 
GENERAC HOLDINGS INC. (XNYS:GNRC),GENERAC HOLDINGS INC.,GNRC, $6,988,209,121 
HOST HOTELS & RESORTS, INC. (XNAS:HST),HOST HOTELS & RESORTS, INC.,HST, $12,753,683,984 
ABIOMED, INC. (XNAS:ABMD),ABIOMED, INC.,ABMD, $11,647,986,673 
APA CORPORATION (XNAS:APA),APA CORPORATION,APA, $14,102,839,338 
BIO-TECHNE CORPORATION (XNAS:TECH),BIO-TECHNE CORPORATION,TECH, $11,111,381,685 
DOMINO'S PIZZA, INC. (XNYS:DPZ),DOMINO'S PIZZA, INC.,DPZ, $11,383,024,632 
LAMB WESTON HOLDINGS, INC. (XNYS:LW),LAMB WESTON HOLDINGS, INC.,LW, $11,753,885,664 
STANLEY BLACK & DECKER, INC. (XNYS:SWK),STANLEY BLACK & DECKER, INC.,SWK, $10,930,978,410 
SEAGATE TECHNOLOGY HOLDINGS PUBLIC LIMITED COMPANY (XNAS:STX),SEAGATE TECHNOLOGY HOLDINGS PUBLIC LIMITED COMPANY,STX, $10,967,920,000 
SNAP-ON INCORPORATED (XNYS:SNA),SNAP-ON INCORPORATED,SNA, $11,066,404,147 
FRANKLIN RESOURCES, INC. (XNYS:BEN),FRANKLIN RESOURCES, INC.,BEN, $11,227,985,463 
UNITED AIRLINES HOLDINGS, INC. (XNAS:UAL),UNITED AIRLINES HOLDINGS, INC.,UAL, $13,220,960,232 
MASCO CORPORATION (XNYS:MAS),MASCO CORPORATION,MAS, $10,073,960,000 
PACKAGING CORPORATION OF AMERICA (XNYS:PKG),PACKAGING CORPORATION OF AMERICA,PKG, $10,580,430,000 
CARMAX, INC. (XNYS:KMX),CARMAX, INC.,KMX, $8,799,883,195 
EVEREST RE GROUP, LTD. (XNYS:RE),EVEREST RE GROUP, LTD.,RE, $11,030,199,544 
VIATRIS INC. (XNAS:VTRS),VIATRIS INC.,VTRS, $11,374,009,780 
WESTERN DIGITAL CORPORATION (XNAS:WDC),WESTERN DIGITAL CORPORATION,WDC, $11,069,953,356 
NISOURCE INC. (XNYS:NI),NISOURCE INC.,NI, $9,941,788,970 
THE INTERPUBLIC GROUP OF COMPANIES, INC. (XNYS:IPG),THE INTERPUBLIC GROUP OF COMPANIES, INC.,IPG, $11,042,639,192 
CHARLES RIVER LABORATORIES INTERNATIONAL, INC. (XNYS:CRL),CHARLES RIVER LABORATORIES INTERNATIONAL, INC.,CRL, $10,181,817,395 
NIELSEN HOLDINGS PLC (XNYS:NLSN),NIELSEN HOLDINGS PLC,NLSN, $10,069,559,916 
CELANESE CORPORATION (XNYS:CE),CELANESE CORPORATION,CE, $9,973,493,000 
MOLSON COORS BEVERAGE COMPANY (XNYS:TAP),MOLSON COORS BEVERAGE COMPANY,TAP, $10,488,600,000 
GLOBE LIFE INC. (XNYS:GL),GLOBE LIFE INC.,GL, $11,059,157,385 
ROYAL CARIBBEAN CRUISES LTD. (XNYS:RCL),ROYAL CARIBBEAN CRUISES LTD.,RCL, $12,548,912,640 
TELEFLEX INCORPORATED (XNYS:TFX),TELEFLEX INCORPORATED,TFX, $9,271,768,674 
ADVANCE AUTO PARTS, INC. (XNYS:AAP),ADVANCE AUTO PARTS, INC.,AAP, $10,236,930,000 
Hasbro, Inc. (XNAS:HAS),Hasbro, Inc.,HAS, $9,043,599,237 
COMERICA INCORPORATED (XNYS:CMA),COMERICA INCORPORATED,CMA, $8,547,765,732 
REGENCY CENTERS CORPORATION (XNAS:REG),REGENCY CENTERS CORPORATION,REG, $9,526,027,720 
Signature Bank (XNAS:SBNY),Signature Bank,SBNY, $8,955,376,181 
NRG ENERGY, INC. (XNYS:NRG),NRG ENERGY, INC.,NRG, $9,960,831,156 
HENRY SCHEIN, INC. (XNAS:HSIC),HENRY SCHEIN, INC.,HSIC, $9,210,885,000 
HUNTINGTON INGALLS INDUSTRIES, INC. (XNYS:HII),HUNTINGTON INGALLS INDUSTRIES, INC.,HII, $9,982,540,748 
NEWS CORPORATION (XNAS:NWS),NEWS CORPORATION,NWS, $9,722,352,000 
NEWS CORPORATION (XNAS:NWSA),NEWS CORPORATION,NWSA, $9,722,352,000 
EASTMAN CHEMICAL COMPANY (XNYS:EMN),EASTMAN CHEMICAL COMPANY,EMN, $9,125,899,635 
PULTEGROUP, INC. (XNYS:PHM),PULTEGROUP, INC.,PHM, $8,678,871,267 
F5, INC. (XNAS:FFIV),F5, INC.,FFIV, $8,792,570,487 
CERIDIAN HCM HOLDING INC. (XNYS:CDAY),CERIDIAN HCM HOLDING INC.,CDAY, $8,863,542,452 
JUNIPER NETWORKS, INC. (XNYS:JNPR),JUNIPER NETWORKS, INC.,JNPR, $9,278,249,220 
ROBERT HALF INTERNATIONAL INC. (XNYS:RHI),ROBERT HALF INTERNATIONAL INC.,RHI, $8,747,898,000 
MARKETAXESS HOLDINGS INC. (XNAS:MKTX),MARKETAXESS HOLDINGS INC.,MKTX, $9,147,275,230 
QORVO, INC. (XNAS:QRVO),QORVO, INC.,QRVO, $8,822,909,960 
ALLEGION PUBLIC LIMITED COMPANY (XNYS:ALLE),ALLEGION PUBLIC LIMITED COMPANY,ALLE, $8,150,491,731 
WESTROCK COMPANY (XNYS:WRK),WESTROCK COMPANY,WRK, $8,356,232,280 
AMERICAN AIRLINES GROUP INC. (XNAS:AAL),AMERICAN AIRLINES GROUP INC.,AAL, $8,909,387,289 
ASSURANT, INC. (XNYS:AIZ),ASSURANT, INC.,AIZ, $7,816,981,201 
ZIONS BANCORPORATION, NATIONAL ASSOCIATION (XNAS:ZION),ZIONS BANCORPORATION, NATIONAL ASSOCIATION,ZION, $7,195,542,348 
DAVITA INC. (XNYS:DVA),DAVITA INC.,DVA, $8,216,087,000 
LUMEN TECHNOLOGIES, INC. (XNYS:LUMN),LUMEN TECHNOLOGIES, INC.,LUMN, $6,936,774,000 
LINCOLN NATIONAL CORPORATION (XNYS:LNC),LINCOLN NATIONAL CORPORATION,LNC, $8,575,990,918 
BATH & BODY WORKS, INC. (XNYS:BBWI),BATH & BODY WORKS, INC.,BBWI, $7,698,497,653 
BORGWARNER INC. (XNYS:BWA),BORGWARNER INC.,BWA, $8,180,149,648 
WHIRLPOOL CORPORATION (XNYS:WHR),WHIRLPOOL CORPORATION,WHR, $7,152,547,633 
PINNACLE WEST CAPITAL CORPORATION (XNYS:PNW),PINNACLE WEST CAPITAL CORPORATION,PNW, $7,255,138,248 
FEDERAL REALTY INVESTMENT TRUST (XNYS:FRT),FEDERAL REALTY INVESTMENT TRUST,FRT, $7,465,397,768 
WYNN RESORTS, LIMITED (XNAS:WYNN),WYNN RESORTS, LIMITED,WYNN, $6,687,300,480 
Carnival Corp (XNYS:CCL),Carnival Corp,CCL, $9,938,727,000 
FORTUNE BRANDS HOME & SECURITY, INC. (XNYS:FBHS),FORTUNE BRANDS HOME & SECURITY, INC.,FBHS, $7,127,953,040 
CAESARS ENTERTAINMENT, INC. (XNAS:CZR),CAESARS ENTERTAINMENT, INC.,CZR, $8,493,053,409 
TAPESTRY, INC. (XNYS:TPR),TAPESTRY, INC.,TPR, $7,568,894,119 
PENTAIR PUBLIC LIMITED COMPANY (XNYS:PNR),PENTAIR PUBLIC LIMITED COMPANY,PNR, $6,515,901,238 
SEALED AIR CORPORATION (XNYS:SEE),SEALED AIR CORPORATION,SEE, $6,805,341,906 
A. O. SMITH CORPORATION (XNYS:AOS),A. O. SMITH CORPORATION,AOS, $7,742,483,253 
INVESCO LTD. (XNYS:IVZ),INVESCO LTD.,IVZ, $6,773,461,000 
DENTSPLY SIRONA INC. (XNAS:XRAY),DENTSPLY SIRONA INC.,XRAY, $6,261,023,496 
ORGANON & CO. (XNYS:OGN),ORGANON & CO.,OGN, $6,022,529,664 
UNIVERSAL HEALTH SERVICES, INC. (XNYS:UHS),UNIVERSAL HEALTH SERVICES, INC.,UHS, $6,864,281,000 
MOHAWK INDUSTRIES, INC. (XNYS:MHK),MOHAWK INDUSTRIES, INC.,MHK, $6,059,213,737 
NEWELL BRANDS INC. (XNAS:NWL),NEWELL BRANDS INC.,NWL, $6,212,272,000 
DXC TECHNOLOGY COMPANY (XNYS:DXC),DXC TECHNOLOGY COMPANY,DXC, $6,659,530,896 
ALASKA AIR GROUP, INC. (XNYS:ALK),ALASKA AIR GROUP, INC.,ALK, $5,198,624,448 
NORWEGIAN CRUISE LINE HOLDINGS LTD. (XNYS:NCLH),NORWEGIAN CRUISE LINE HOLDINGS LTD.,NCLH, $6,291,340,756 
VORNADO REALTY TRUST (XNYS:VNO),VORNADO REALTY TRUST,VNO, $4,293,844,489 
DISH NETWORK CORPORATION (XNAS:DISH),DISH NETWORK CORPORATION,DISH, $7,477,299,090 
RALPH LAUREN CORPORATION (XNYS:RL),RALPH LAUREN CORPORATION,RL, $6,148,239,439 
